<keymap version="1" name="Default for macOS copy" parent="Mac OS X 10.5+">
  <action id="Console.Execute.Multiline" />
  <action id="Console.Jdbc.Execute" />
  <action id="DirDiffMenu.SynchronizeDiff.All" />
  <action id="EditorSplitLine" />
  <action id="EditorToggleUseSoftWraps">
    <keyboard-shortcut first-keystroke="ctrl s" second-keystroke="ctrl w" />
  </action>
  <action id="EditorUnindentSelection" />
  <action id="ExecuteInPyConsoleAction">
    <keyboard-shortcut first-keystroke="meta enter" />
  </action>
  <action id="PrevParameter" />
  <action id="PrevTemplateParameter" />
  <action id="PreviousTemplateVariable" />
  <action id="QuickJavaDoc">
    <keyboard-shortcut first-keystroke="shift tab" />
  </action>
  <action id="SearchEverywhere.PrevTab" />
  <action id="SplitVertically">
    <keyboard-shortcut first-keystroke="ctrl q" second-keystroke="shift #100007c" />
  </action>
  <action id="ViewSource" />
</keymap>