<keymap version="1" name="macOS copy" parent="Mac OS X 10.5+">
  <action id="ActivateKeyPromoterXToolWindow">
    <keyboard-shortcut first-keystroke="alt x" />
  </action>
  <action id="AddToFavoritesPopup" />
  <action id="Compare.SameVersion">
    <keyboard-shortcut first-keystroke="alt g" second-keystroke="d" />
  </action>
  <action id="Console.TableResult.Reload" />
  <action id="CopyReference">
    <keyboard-shortcut first-keystroke="alt f" />
  </action>
  <action id="DatabaseView.Refresh" />
  <action id="Django.RunManageTaskAction" />
  <action id="DockPinnedMode">
    <keyboard-shortcut first-keystroke="ctrl q" second-keystroke="down" />
  </action>
  <action id="EditorDecreaseFontSize">
    <keyboard-shortcut first-keystroke="shift alt f" second-keystroke="minus" />
  </action>
  <action id="EditorIncreaseFontSize">
    <keyboard-shortcut first-keystroke="shift alt f" second-keystroke="shift add" />
  </action>
  <action id="FileChooser.TogglePathShowing" />
  <action id="FindUsages">
    <keyboard-shortcut first-keystroke="meta u" />
  </action>
  <action id="GotoSuperMethod" />
  <action id="Help.KeymapReference">
    <keyboard-shortcut first-keystroke="alt h" second-keystroke="k" />
  </action>
  <action id="MoveEditorToOppositeTabGroup">
    <keyboard-shortcut first-keystroke="ctrl q" second-keystroke="right" />
  </action>
  <action id="MoveTabDown">
    <keyboard-shortcut first-keystroke="ctrl s" second-keystroke="down" />
  </action>
  <action id="MoveTabRight">
    <keyboard-shortcut first-keystroke="ctrl s" second-keystroke="right" />
  </action>
  <action id="NextSplitter">
    <keyboard-shortcut first-keystroke="ctrl q" second-keystroke="n" />
  </action>
  <action id="OpenEditorInOppositeTabGroup">
    <keyboard-shortcut first-keystroke="ctrl q" second-keystroke="back_slash" />
  </action>
  <action id="ParameterInfo" />
  <action id="PrevSplitter">
    <keyboard-shortcut first-keystroke="ctrl s" second-keystroke="left" />
  </action>
  <action id="Refresh" />
  <action id="RenameElement">
    <keyboard-shortcut first-keystroke="shift f6" />
    <keyboard-shortcut first-keystroke="alt back_quote" />
  </action>
  <action id="ReopenClosedTab">
    <keyboard-shortcut first-keystroke="shift meta w" />
  </action>
  <action id="Replace">
    <keyboard-shortcut first-keystroke="alt r" />
  </action>
  <action id="Rerun" />
  <action id="RunClass">
    <keyboard-shortcut first-keystroke="meta r" />
  </action>
  <action id="ToggleDistractionFreeMode">
    <keyboard-shortcut first-keystroke="alt d" />
  </action>
  <action id="Vcs.Log.Refresh" />
  <action id="VimPluginToggle">
    <keyboard-shortcut first-keystroke="alt a" second-keystroke="v" />
  </action>
  <action id="WindowMode">
    <keyboard-shortcut first-keystroke="ctrl q" second-keystroke="up" />
  </action>
  <action id="com.jetbrains.python.console.RunPythonConsoleAction">
    <keyboard-shortcut first-keystroke="meta p" />
  </action>
</keymap>