<profile version="1.0">
  <option name="myName" value="Default" />
  <inspection_tool class="DuplicatedCode" enabled="true" level="WEAK WARNING" enabled_by_default="true">
    <Languages>
      <language minSize="47" name="Python" />
    </Languages>
  </inspection_tool>
  <inspection_tool class="Eslint" enabled="true" level="WARNING" enabled_by_default="true" />
  <inspection_tool class="PyArgumentListInspection" enabled="false" level="WEAK WARNING" enabled_by_default="false" />
  <inspection_tool class="PyPackageRequirementsInspection" enabled="true" level="WARNING" enabled_by_default="true">
    <option name="ignoredPackages">
      <value>
        <list size="74">
          <item index="0" class="java.lang.String" itemvalue="protobuf" />
          <item index="1" class="java.lang.String" itemvalue="factory-boy" />
          <item index="2" class="java.lang.String" itemvalue="googleapis-common-protos" />
          <item index="3" class="java.lang.String" itemvalue="atomicwrites" />
          <item index="4" class="java.lang.String" itemvalue="python-dateutil" />
          <item index="5" class="java.lang.String" itemvalue="psycopg2-binary" />
          <item index="6" class="java.lang.String" itemvalue="py" />
          <item index="7" class="java.lang.String" itemvalue="Click" />
          <item index="8" class="java.lang.String" itemvalue="MarkupSafe" />
          <item index="9" class="java.lang.String" itemvalue="pyasn1-modules" />
          <item index="10" class="java.lang.String" itemvalue="Faker" />
          <item index="11" class="java.lang.String" itemvalue="certifi" />
          <item index="12" class="java.lang.String" itemvalue="sentry-sdk[flask]" />
          <item index="13" class="java.lang.String" itemvalue="stripe" />
          <item index="14" class="java.lang.String" itemvalue="shortuuid" />
          <item index="15" class="java.lang.String" itemvalue="jsonschema" />
          <item index="16" class="java.lang.String" itemvalue="google-api-core" />
          <item index="17" class="java.lang.String" itemvalue="Flask-Script" />
          <item index="18" class="java.lang.String" itemvalue="gspread" />
          <item index="19" class="java.lang.String" itemvalue="Werkzeug" />
          <item index="20" class="java.lang.String" itemvalue="aniso8601" />
          <item index="21" class="java.lang.String" itemvalue="gunicorn" />
          <item index="22" class="java.lang.String" itemvalue="Flask-SQLAlchemy" />
          <item index="23" class="java.lang.String" itemvalue="attrs" />
          <item index="24" class="java.lang.String" itemvalue="flask-talisman" />
          <item index="25" class="java.lang.String" itemvalue="Mako" />
          <item index="26" class="java.lang.String" itemvalue="google-cloud-core" />
          <item index="27" class="java.lang.String" itemvalue="idna" />
          <item index="28" class="java.lang.String" itemvalue="oauth2client" />
          <item index="29" class="java.lang.String" itemvalue="PyJWT" />
          <item index="30" class="java.lang.String" itemvalue="rsa" />
          <item index="31" class="java.lang.String" itemvalue="alembic" />
          <item index="32" class="java.lang.String" itemvalue="more-itertools" />
          <item index="33" class="java.lang.String" itemvalue="pluggy" />
          <item index="34" class="java.lang.String" itemvalue="SQLAlchemy" />
          <item index="35" class="java.lang.String" itemvalue="voluptuous" />
          <item index="36" class="java.lang.String" itemvalue="httplib2" />
          <item index="37" class="java.lang.String" itemvalue="google-cloud-storage" />
          <item index="38" class="java.lang.String" itemvalue="pyasn1" />
          <item index="39" class="java.lang.String" itemvalue="requests" />
          <item index="40" class="java.lang.String" itemvalue="python-editor" />
          <item index="41" class="java.lang.String" itemvalue="Jinja2" />
          <item index="42" class="java.lang.String" itemvalue="pyrsistent" />
          <item index="43" class="java.lang.String" itemvalue="google-resumable-media" />
          <item index="44" class="java.lang.String" itemvalue="flask-restplus" />
          <item index="45" class="java.lang.String" itemvalue="Flask-Admin" />
          <item index="46" class="java.lang.String" itemvalue="Flask-JWT-Extended" />
          <item index="47" class="java.lang.String" itemvalue="urllib3" />
          <item index="48" class="java.lang.String" itemvalue="itsdangerous" />
          <item index="49" class="java.lang.String" itemvalue="Flask" />
          <item index="50" class="java.lang.String" itemvalue="blinker" />
          <item index="51" class="java.lang.String" itemvalue="flask-log-request-id" />
          <item index="52" class="java.lang.String" itemvalue="six" />
          <item index="53" class="java.lang.String" itemvalue="pytest" />
          <item index="54" class="java.lang.String" itemvalue="text-unidecode" />
          <item index="55" class="java.lang.String" itemvalue="chardet" />
          <item index="56" class="java.lang.String" itemvalue="WTForms" />
          <item index="57" class="java.lang.String" itemvalue="Flask-Migrate" />
          <item index="58" class="java.lang.String" itemvalue="cachetools" />
          <item index="59" class="java.lang.String" itemvalue="pycryptodome" />
          <item index="60" class="java.lang.String" itemvalue="pytz" />
          <item index="61" class="java.lang.String" itemvalue="google-auth" />
          <item index="62" class="java.lang.String" itemvalue="Pillow" />
          <item index="63" class="java.lang.String" itemvalue="lazy-object-proxy" />
          <item index="64" class="java.lang.String" itemvalue="Flask-Cors" />
          <item index="65" class="java.lang.String" itemvalue="colorama" />
          <item index="66" class="java.lang.String" itemvalue="mccabe" />
          <item index="67" class="java.lang.String" itemvalue="pylint" />
          <item index="68" class="java.lang.String" itemvalue="wrapt" />
          <item index="69" class="java.lang.String" itemvalue="isort" />
          <item index="70" class="java.lang.String" itemvalue="astroid" />
          <item index="71" class="java.lang.String" itemvalue="pylint-runner" />
          <item index="72" class="java.lang.String" itemvalue="pytest-datadir" />
          <item index="73" class="java.lang.String" itemvalue="pandas" />
        </list>
      </value>
    </option>
  </inspection_tool>
  <inspection_tool class="PyPep8Inspection" enabled="true" level="WEAK WARNING" enabled_by_default="true">
    <option name="ignoredErrors">
      <list>
        <option value="E231" />
        <option value="E203" />
        <option value="E701" />
      </list>
    </option>
  </inspection_tool>
  <inspection_tool class="PyUnresolvedReferencesInspection" enabled="true" level="WARNING" enabled_by_default="true">
    <option name="ignoredIdentifiers">
      <list>
        <option value="pytest.collect.Session.*" />
      </list>
    </option>
  </inspection_tool>
</profile>