<application>
  <component name="MaterialThemeConfig">
    <option name="premium" value="true" />
    <option name="allowDataCollection" value="true" />
    <option name="isWizardShown" value="true" />
    <option name="overrideAccentColor" value="false" />
    <option name="pristineConfig" value="false" />
    <option name="accentColor" value="2979ff" />
    <option name="selectedTheme" value="PALENIGHT" />
    <option name="userId" value="-6a63be22:16e60bbb992:-8000" />
    <option name="version" value="6.9.1" />
  </component>
</application>